✅ Daily commit ran at Fri Aug  1 16:52:29 UTC 2025
✅ Daily commit ran at Sat Aug  2 00:54:30 UTC 2025
✅ Daily commit ran at Sun Aug  3 01:02:42 UTC 2025
✅ Daily commit ran at Mon Aug  4 01:01:55 UTC 2025
✅ Daily commit ran at Tue Aug  5 00:58:31 UTC 2025
✅ Daily commit ran at Wed Aug  6 00:57:36 UTC 2025
✅ Daily commit ran at Thu Aug  7 00:58:07 UTC 2025
✅ Daily commit ran at Fri Aug  8 00:57:47 UTC 2025
✅ Daily commit ran at Sat Aug  9 00:52:39 UTC 2025
✅ Daily commit ran at Sun Aug 10 01:00:50 UTC 2025
✅ Daily commit ran at Mon Aug 11 00:58:43 UTC 2025
✅ Daily commit ran at Tue Aug 12 00:52:42 UTC 2025
✅ Daily commit ran at Wed Aug 13 00:53:58 UTC 2025
✅ Daily commit ran at Thu Aug 14 00:54:03 UTC 2025
✅ Daily commit ran at Fri Aug 15 00:54:24 UTC 2025
✅ Daily commit ran at Sat Aug 16 00:51:21 UTC 2025
✅ Daily commit ran at Sun Aug 17 00:57:53 UTC 2025
✅ Daily commit ran at Mon Aug 18 00:57:31 UTC 2025
✅ Daily commit ran at Tue Aug 19 00:52:15 UTC 2025
✅ Daily commit ran at Wed Aug 20 00:49:53 UTC 2025
✅ Daily commit ran at Thu Aug 21 00:48:39 UTC 2025
✅ Daily commit ran at Fri Aug 22 00:50:19 UTC 2025
✅ Daily commit ran at Sat Aug 23 00:47:32 UTC 2025
✅ Daily commit ran at Sun Aug 24 00:56:01 UTC 2025
✅ Daily commit ran at Mon Aug 25 00:52:38 UTC 2025
✅ Daily commit ran at Tue Aug 26 00:50:42 UTC 2025
✅ Daily commit ran at Wed Aug 27 00:48:59 UTC 2025
✅ Daily commit ran at Thu Aug 28 00:48:07 UTC 2025
✅ Daily commit ran at Fri Aug 29 00:48:23 UTC 2025
✅ Daily commit ran at Sat Aug 30 00:45:07 UTC 2025
✅ Daily commit ran at Sun Aug 31 00:52:50 UTC 2025
✅ Daily commit ran at Mon Sep  1 00:58:49 UTC 2025
✅ Daily commit ran at Tue Sep  2 00:49:24 UTC 2025
✅ Daily commit ran at Wed Sep  3 00:45:03 UTC 2025
✅ Daily commit ran at Thu Sep  4 00:45:39 UTC 2025
✅ Daily commit ran at Fri Sep  5 00:46:50 UTC 2025
✅ Daily commit ran at Sat Sep  6 00:45:26 UTC 2025
✅ Daily commit ran at Sun Sep  7 00:52:24 UTC 2025
✅ Daily commit ran at Mon Sep  8 00:51:13 UTC 2025
✅ Daily commit ran at Tue Sep  9 00:47:45 UTC 2025
✅ Daily commit ran at Wed Sep 10 00:46:07 UTC 2025
✅ Daily commit ran at Thu Sep 11 00:47:46 UTC 2025
✅ Daily commit ran at Fri Sep 12 00:45:13 UTC 2025
✅ Daily commit ran at Sat Sep 13 00:43:31 UTC 2025
✅ Daily commit ran at Sun Sep 14 00:51:22 UTC 2025
✅ Daily commit ran at Mon Sep 15 00:51:55 UTC 2025
✅ Daily commit ran at Tue Sep 16 00:45:51 UTC 2025
✅ Daily commit ran at Wed Sep 17 00:46:13 UTC 2025
✅ Daily commit ran at Thu Sep 18 00:45:27 UTC 2025
✅ Daily commit ran at Fri Sep 19 00:47:53 UTC 2025
✅ Daily commit ran at Sat Sep 20 00:44:44 UTC 2025
✅ Daily commit ran at Sun Sep 21 00:52:48 UTC 2025
✅ Daily commit ran at Mon Sep 22 00:52:35 UTC 2025
✅ Daily commit ran at Tue Sep 23 00:46:26 UTC 2025
✅ Daily commit ran at Wed Sep 24 00:47:30 UTC 2025
✅ Daily commit ran at Thu Sep 25 00:47:20 UTC 2025
✅ Daily commit ran at Fri Sep 26 00:46:36 UTC 2025
✅ Daily commit ran at Sat Sep 27 00:44:57 UTC 2025
✅ Daily commit ran at Sun Sep 28 00:53:16 UTC 2025
✅ Daily commit ran at Mon Sep 29 00:49:38 UTC 2025
✅ Daily commit ran at Tue Sep 30 00:48:10 UTC 2025
✅ Daily commit ran at Wed Oct  1 00:54:20 UTC 2025
✅ Daily commit ran at Thu Oct  2 00:46:05 UTC 2025
✅ Daily commit ran at Fri Oct  3 00:45:59 UTC 2025
✅ Daily commit ran at Sat Oct  4 00:43:33 UTC 2025
✅ Daily commit ran at Sun Oct  5 00:52:44 UTC 2025
✅ Daily commit ran at Mon Oct  6 00:48:44 UTC 2025
✅ Daily commit ran at Tue Oct  7 00:46:20 UTC 2025
✅ Daily commit ran at Wed Oct  8 00:46:12 UTC 2025
✅ Daily commit ran at Thu Oct  9 00:47:18 UTC 2025
✅ Daily commit ran at Fri Oct 10 00:47:07 UTC 2025
✅ Daily commit ran at Sat Oct 11 00:44:23 UTC 2025
✅ Daily commit ran at Sun Oct 12 00:50:46 UTC 2025
✅ Daily commit ran at Mon Oct 13 00:52:07 UTC 2025
✅ Daily commit ran at Tue Oct 14 00:47:37 UTC 2025
✅ Daily commit ran at Wed Oct 15 00:49:39 UTC 2025
✅ Daily commit ran at Thu Oct 16 00:48:59 UTC 2025
✅ Daily commit ran at Fri Oct 17 00:48:23 UTC 2025
✅ Daily commit ran at Sat Oct 18 00:44:57 UTC 2025
✅ Daily commit ran at Sun Oct 19 00:55:07 UTC 2025
✅ Daily commit ran at Mon Oct 20 00:53:15 UTC 2025
✅ Daily commit ran at Tue Oct 21 00:50:16 UTC 2025
✅ Daily commit ran at Wed Oct 22 00:51:39 UTC 2025
✅ Daily commit ran at Thu Oct 23 00:49:58 UTC 2025
✅ Daily commit ran at Fri Oct 24 00:45:18 UTC 2025
✅ Daily commit ran at Sat Oct 25 00:47:32 UTC 2025
✅ Daily commit ran at Sun Oct 26 00:53:19 UTC 2025
✅ Daily commit ran at Mon Oct 27 00:54:55 UTC 2025
✅ Daily commit ran at Tue Oct 28 00:47:55 UTC 2025
✅ Daily commit ran at Wed Oct 29 00:52:42 UTC 2025
✅ Daily commit ran at Thu Oct 30 00:52:23 UTC 2025
✅ Daily commit ran at Fri Oct 31 00:50:23 UTC 2025
✅ Daily commit ran at Sat Nov  1 00:53:37 UTC 2025
✅ Daily commit ran at Sun Nov  2 00:54:29 UTC 2025
✅ Daily commit ran at Mon Nov  3 00:53:43 UTC 2025
✅ Daily commit ran at Tue Nov  4 00:51:11 UTC 2025
✅ Daily commit ran at Wed Nov  5 00:52:47 UTC 2025
✅ Daily commit ran at Thu Nov  6 00:51:42 UTC 2025
✅ Daily commit ran at Fri Nov  7 00:51:27 UTC 2025
✅ Daily commit ran at Sat Nov  8 00:47:18 UTC 2025
✅ Daily commit ran at Sun Nov  9 00:54:22 UTC 2025
✅ Daily commit ran at Mon Nov 10 00:54:17 UTC 2025
✅ Daily commit ran at Tue Nov 11 00:52:40 UTC 2025
✅ Daily commit ran at Wed Nov 12 00:52:29 UTC 2025
✅ Daily commit ran at Thu Nov 13 00:52:16 UTC 2025
✅ Daily commit ran at Fri Nov 14 00:51:59 UTC 2025
✅ Daily commit ran at Sat Nov 15 00:50:38 UTC 2025
✅ Daily commit ran at Sun Nov 16 00:55:37 UTC 2025
✅ Daily commit ran at Mon Nov 17 00:53:33 UTC 2025
✅ Daily commit ran at Tue Nov 18 00:51:52 UTC 2025
✅ Daily commit ran at Wed Nov 19 00:52:03 UTC 2025
✅ Daily commit ran at Thu Nov 20 00:50:37 UTC 2025
✅ Daily commit ran at Fri Nov 21 00:51:33 UTC 2025
✅ Daily commit ran at Sat Nov 22 00:49:16 UTC 2025
✅ Daily commit ran at Sun Nov 23 00:58:50 UTC 2025
✅ Daily commit ran at Mon Nov 24 00:55:35 UTC 2025
✅ Daily commit ran at Tue Nov 25 00:51:18 UTC 2025
✅ Daily commit ran at Wed Nov 26 00:51:57 UTC 2025
✅ Daily commit ran at Thu Nov 27 00:51:20 UTC 2025
✅ Daily commit ran at Fri Nov 28 00:50:27 UTC 2025
✅ Daily commit ran at Sat Nov 29 00:50:29 UTC 2025
✅ Daily commit ran at Sun Nov 30 00:58:30 UTC 2025
✅ Daily commit ran at Mon Dec  1 01:03:00 UTC 2025
✅ Daily commit ran at Tue Dec  2 00:53:23 UTC 2025
✅ Daily commit ran at Wed Dec  3 00:52:57 UTC 2025
✅ Daily commit ran at Thu Dec  4 00:53:02 UTC 2025
✅ Daily commit ran at Fri Dec  5 00:53:37 UTC 2025
✅ Daily commit ran at Sat Dec  6 00:50:45 UTC 2025
✅ Daily commit ran at Sun Dec  7 00:58:36 UTC 2025
✅ Daily commit ran at Mon Dec  8 00:53:59 UTC 2025
✅ Daily commit ran at Tue Dec  9 00:53:22 UTC 2025
✅ Daily commit ran at Wed Dec 10 00:54:42 UTC 2025
✅ Daily commit ran at Thu Dec 11 00:55:26 UTC 2025
✅ Daily commit ran at Fri Dec 12 00:54:48 UTC 2025
✅ Daily commit ran at Sat Dec 13 00:51:28 UTC 2025
✅ Daily commit ran at Sun Dec 14 00:59:13 UTC 2025
✅ Daily commit ran at Mon Dec 15 00:57:23 UTC 2025
✅ Daily commit ran at Tue Dec 16 00:55:10 UTC 2025
✅ Daily commit ran at Wed Dec 17 00:51:14 UTC 2025
✅ Daily commit ran at Thu Dec 18 00:51:44 UTC 2025
✅ Daily commit ran at Fri Dec 19 00:54:56 UTC 2025
✅ Daily commit ran at Sat Dec 20 00:51:56 UTC 2025
✅ Daily commit ran at Sun Dec 21 00:58:59 UTC 2025
✅ Daily commit ran at Mon Dec 22 00:57:58 UTC 2025
✅ Daily commit ran at Tue Dec 23 00:54:55 UTC 2025
✅ Daily commit ran at Wed Dec 24 00:54:47 UTC 2025
✅ Daily commit ran at Thu Dec 25 00:54:39 UTC 2025
✅ Daily commit ran at Fri Dec 26 00:55:04 UTC 2025
✅ Daily commit ran at Sat Dec 27 00:53:44 UTC 2025
✅ Daily commit ran at Sun Dec 28 01:01:27 UTC 2025
✅ Daily commit ran at Mon Dec 29 01:00:06 UTC 2025
✅ Daily commit ran at Tue Dec 30 00:55:15 UTC 2025
✅ Daily commit ran at Wed Dec 31 00:56:34 UTC 2025
✅ Daily commit ran at Thu Jan  1 01:01:50 UTC 2026
✅ Daily commit ran at Fri Jan  2 00:56:41 UTC 2026
✅ Daily commit ran at Sat Jan  3 00:53:09 UTC 2026
✅ Daily commit ran at Sun Jan  4 01:02:19 UTC 2026
✅ Daily commit ran at Mon Jan  5 01:01:18 UTC 2026
✅ Daily commit ran at Tue Jan  6 00:56:33 UTC 2026
✅ Daily commit ran at Wed Jan  7 00:56:59 UTC 2026
✅ Daily commit ran at Thu Jan  8 00:56:41 UTC 2026
✅ Daily commit ran at Fri Jan  9 00:56:56 UTC 2026
✅ Daily commit ran at Sat Jan 10 00:54:55 UTC 2026
✅ Daily commit ran at Sun Jan 11 01:01:52 UTC 2026
✅ Daily commit ran at Mon Jan 12 00:59:43 UTC 2026
✅ Daily commit ran at Tue Jan 13 00:52:55 UTC 2026
✅ Daily commit ran at Wed Jan 14 00:58:27 UTC 2026
✅ Daily commit ran at Thu Jan 15 00:55:03 UTC 2026
✅ Daily commit ran at Fri Jan 16 00:57:31 UTC 2026
✅ Daily commit ran at Sat Jan 17 00:54:37 UTC 2026
✅ Daily commit ran at Sun Jan 18 01:01:04 UTC 2026
✅ Daily commit ran at Mon Jan 19 01:00:50 UTC 2026
✅ Daily commit ran at Tue Jan 20 00:56:06 UTC 2026
✅ Daily commit ran at Wed Jan 21 00:58:21 UTC 2026
✅ Daily commit ran at Thu Jan 22 00:57:49 UTC 2026
✅ Daily commit ran at Fri Jan 23 00:58:04 UTC 2026
✅ Daily commit ran at Sat Jan 24 00:55:24 UTC 2026
✅ Daily commit ran at Sun Jan 25 01:02:56 UTC 2026
✅ Daily commit ran at Mon Jan 26 01:01:53 UTC 2026
✅ Daily commit ran at Tue Jan 27 01:00:11 UTC 2026
✅ Daily commit ran at Wed Jan 28 00:57:28 UTC 2026
✅ Daily commit ran at Thu Jan 29 01:05:35 UTC 2026
✅ Daily commit ran at Fri Jan 30 01:05:36 UTC 2026
✅ Daily commit ran at Sat Jan 31 01:02:44 UTC 2026
✅ Daily commit ran at Sun Feb  1 01:16:55 UTC 2026
✅ Daily commit ran at Mon Feb  2 01:09:03 UTC 2026
✅ Daily commit ran at Tue Feb  3 01:10:03 UTC 2026
✅ Daily commit ran at Wed Feb  4 01:04:53 UTC 2026
✅ Daily commit ran at Thu Feb  5 01:06:23 UTC 2026
✅ Daily commit ran at Fri Feb  6 01:05:04 UTC 2026
✅ Daily commit ran at Sat Feb  7 01:04:09 UTC 2026
✅ Daily commit ran at Sun Feb  8 01:27:00 UTC 2026
